Nom;Origine;Creation;Image
Abondance;France;01/01/1900;
Angors;France;01/01/1900;
Anneau du Vic-Bilh;France;01/01/1900;
Appenzeller;France;01/01/1900;
Beaufort AOP;France;01/01/1900;
Bergues Torchon;France;01/01/1900;
Besace Fermièe;France;01/01/1900;
Bethmale;France;01/01/1900;
Bichonnet;France;01/01/1900;
Bleu d'Auvergne AOP;France;01/01/1900;
Bleu de Bonneval;France;01/01/1900;
Bleu de brebis;France;01/01/1900;
Bleu de chèvre;France;01/01/1900;
Bleu de Gex;France;01/01/1900;
Bleu de la Chataigneraie;France;01/01/1900;
Bleu de laqueuille;France;01/01/1900;
Bleu des Causses AOP;France;01/01/1900;
Bleu du Val d'Aillon;France;01/01/1900;
Bleu du Vercors-Sassenage;France;01/01/1900;
Boulette d'avesnes;France;01/01/1900;
Brézain (Raclette fumée);France;01/01/1900;
Brie de Meaux AOP;France;01/01/1900;
Brie de Melun AOP;France;01/01/1900;
Brie de Nangis;France;01/01/1900;
Brillat-Savarin AOP;France;01/01/1900;